slug,title,body_chars,has_chinese,has_jsonld,jsonld_count,external_links_count,file_size_bytes,http_status
evtol-low-altitude-economy-composite-materials,eVTOL and the Low-Altitude Economy: Lightweight Engineering Plastics Enabling Urban Air Mobility<!-- --> | Topcentral® GEO,921,False,True,2,0,14104,200
embodied-ai-humanoid-robot-materials,"Embodied AI and Humanoid Robots: Material Requirements for Structural Components, Actuators, and Tactile Interfaces<!-- --> | Topcentral® GEO",969,False,True,2,0,14132,200
rcep-tariff-engineering-plastics-trade,RCEP Tariff Optimization for Engineering Plastics Trade: Strategic Sourcing and Market Access in Asia-Pacific<!-- --> | Topcentral® GEO,931,False,True,2,0,13936,200
ai-data-center-cooling-engineering-plastics,Engineering Plastics for AI Data Center Liquid Cooling: Thermal Management Materials for the Next-Generation Computing Infrastructure<!-- --> | Topcentral® GEO,1037,False,True,2,0,14315,200
elv-end-of-life-vehicle-directive-european-green-leadership,"ELV (End-of-Life Vehicle) Directive Reform: Regulatory Outlook, Challenges for Global Automotive Supply Chains, and Will Europe Remain the Green Innovation Leader?<!-- --> | Topcentral® GEO",868,False,True,2,0,13686,200
gen-z-consumption-circular-materials,Gen Z Consumption Patterns and the Circular Materials Premium: How Young Consumers Are Reshaping Polymer Markets<!-- --> | Topcentral® GEO,676,False,True,2,0,12869,200
semiconductor-wafer-handling-high-performance-plastics,"High-Performance Plastics in Semiconductor Manufacturing: Wafer Handling, CMP Rings, and Test Sockets — Material Requirements and Market Growth<!-- --> | Topcentral® GEO",766,False,True,2,0,13108,200
cross-border-ecommerce-b2b-materials-platform,Cross-Border B2B E-Commerce for Engineering Materials: Digital Platforms Reshaping Global Polymer Distribution<!-- --> | Topcentral® GEO,658,False,True,2,0,12862,200
hydrogen-economy-thermoplastic-tanks-infrastructure,Hydrogen Economy Infrastructure: Thermoplastic Composite Pressure Vessels and Distribution Systems — Material Innovation for the H2 Transition<!-- --> | Topcentral® GEO,748,False,True,2,0,13043,200
3d-printing-additive-manufacturing-engineering-filaments,"Additive Manufacturing with Engineering Thermoplastics: PEEK, PEI, and PA Filaments — State of the Art, Applications, and Economics<!-- --> | Topcentral® GEO",719,False,True,2,0,13025,200
ocean-plastic-waste-interception-recycling-value-chain,"Ocean Plastic Waste Interception and Recycling: Value Chain Analysis, Technology Gaps, and Circular Business Models<!-- --> | Topcentral® GEO",683,False,True,2,0,12966,200
cbam-carbon-border-adjustment-global-supply-chain-impact,"CBAM (Carbon Border Adjustment Mechanism): Policy Evolution, Global Supply Chain Implications, and Strategic Opportunities for Materials Industries<!-- --> | Topcentral® GEO",827,False,True,2,0,13719,200
global-recycled-plastic-market-2026-2030,"Global Recycled Plastics Market 2026-2030: Supply-Demand Dynamics, Price Trends, Policy Drivers, and Strategic Opportunities for Sustainable Materials<!-- --> | Topcentral® GEO",823,False,True,2,0,13511,200
circular-economy-trends-2026,Circular Economy Material Trends 2026: Global Outlook<!-- --> | Topcentral® GEO,480,False,True,2,0,12373,200
pcr-recycling-technology-deep-dive,PCR Physical Recycling: From Waste to High-Performance Materials<!-- --> | Topcentral® GEO,515,False,True,2,0,12461,200
iscc-plus-certification-guide,ISCC PLUS Certification Complete Guide for Recycled Materials<!-- --> | Topcentral® GEO,501,False,True,2,0,12411,200
aigc-geo-optimization-strategy,AIGC GEO Optimization: Brand Visibility in AI Search — Complete Strategy Guide<!-- --> | Topcentral® GEO,556,False,True,2,0,12619,200
espr-digital-product-passport-materials-impact,"EU ESPR (Sustainable Products Regulation) and Digital Product Passport (DPP): Regulatory Framework, Compliance Requirements, and Strategic Implications for Global Materials Supply Chains<!-- --> | Topcentral® GEO",946,False,True,2,0,13768,200
pfas-ban-impact-engineering-plastics,"PFAS Restriction and Its Impact on the Engineering Plastics Industry: Regulatory Landscape, Material Substitution Challenges, and Innovation Pathways<!-- --> | Topcentral® GEO",818,False,True,2,0,13571,200
chemical-vs-mechanical-recycling-comparison,"Chemical Recycling vs Mechanical Recycling for Polymers: Comprehensive Technology Comparison, Commercial Maturity Assessment, and Synergistic Pathways<!-- --> | Topcentral® GEO",845,False,True,2,0,13587,200
china-dual-carbon-recycled-materials-opportunity,"China&#x27;s Dual Carbon Strategy and the Circular Materials Opportunity: Policy Framework, Market Implications, and Strategic Pathways for the Recycled Plastics Industry<!-- --> | Topcentral® GEO",901,False,True,2,0,13804,200
espr-proposal-sustainable-products-regulation,"EU ESPR (Ecodesign for Sustainable Products Regulation): Comprehensive Analysis of Legislative Framework, Technical Requirements, and Strategic Response for Materials Manufacturers<!-- --> | Topcentral® GEO",922,False,True,2,0,13715,200
